{
  "face_area": {
    "min": 50176.0,
    "max": 50176.0
  },
  "ipd": {
    "min": 57.825648431391386,
    "max": 59.256720175229475
  },
  "mar": {
    "min": 0.024702363976118104,
    "max": 0.037096098260703696
  },
  "B_raw": {
    "min": 26.138243993123375,
    "max": 28.493186076482136
  },
  "M_raw": {
    "min": -0.8529901504516602,
    "max": 1.1763019561767578
  }
}