{
  "face_area": {
    "min": 50176.0,
    "max": 50176.0
  },
  "ipd": {
    "min": 30.891430709098096,
    "max": 88.33666492825036
  },
  "mar": {
    "min": 3.8100419027487785e-06,
    "max": 0.46311834107137356
  },
  "B_raw": {
    "min": 12.013449226816498,
    "max": 32.245429550607994
  },
  "M_raw": {
    "min": -7.697923183441162,
    "max": 6.638482242822647
  }
}